antone = Mathew Antone <antone@csail.mit.edu>
avalenzu = Andres Valenzuela <avalenzu@csail.mit.edu>
cdarpino = Claudia Pérez D'Arpino <cdarpino@csail.mit.edu>
daih = Hongkai Dai <hongkai@csail.mit.edu>
drc = drc <drc@csail.mit.edu>
gizatt = Gregory Izatt <gizatt@mit.edu>
hongkai = Hongkai Dai <hongkai@csail.mit.edu>
mfallon = Maurice Fallon <mauricefallon@gmail.com>
mposa = Michael Posa <mposa@csail.mit.edu>
patmarion = Pat Marion <james.patrick.marion@gmail.com>
peterkty = Peter K.T Yu <peterkty@csail.mit.edu>
rdeits = Robin Deits <rdeits@csail.mit.edu>
russt = Russ Tedrake <russt@csail.mit.edu>
scottk = Scott Kuindersma <kuindersma@gmail.com>
tkoolen = Twan Koolen <tkoolen@csail.mit.edu>
manuelli = Lucas Manuelli <lucas.t.manuelli@gmail.com>
wxm = Wolfgang Merkt <w.merkt@gmail.com>
simalpha = Simona Nobili <nobili.simona@gmail.com>
VladimirIvan = Vladimir Ivan <v.ivan@ed.ac.uk>
yimingyanged = Yiming Yang <yymalex@gmail.com>
cr = Christian Rauch <Christian.Rauch@ed.ac.uk>
